id,name,longName,email,guestQty,code,response,responseDate,firstAccessDate,lastAccessDate,accessQty
0, Juan, Juan Perez, a@a.com, 1, cfcd208495d565ef66e7dff9f98764da, NULL, NULL, NULL, NULL, NULL
1, Juan, Juan Perez, a@a.com, 1, c4ca4238a0b923820dcc509a6f75849b, NULL, NULL, NULL, NULL, NULL
2, Juan, Juan Perez, a@a.com, 1, c81e728d9d4c2f636f067f89cc14862c, NULL, NULL, NULL, NULL, NULL
3, Juan, Juan Perez, a@a.com, 1, eccbc87e4b5ce2fe28308fd9f2a7baf3, NULL, NULL, NULL, NULL, NULL
4, Juan, Juan Perez, a@a.com, 1, a87ff679a2f3e71d9181a67b7542122c, NULL, NULL, NULL, NULL, NULL
5, Juan, Juan Perez, a@a.com, 1, e4da3b7fbbce2345d7772b0674a318d5, NULL, NULL, NULL, NULL, NULL
6, Juan, Juan Perez, a@a.com, 1, 1679091c5a880faf6fb5e6087eb1b2dc, NULL, NULL, NULL, NULL, NULL
7, Juan, Juan Perez, a@a.com, 1, 8f14e45fceea167a5a36dedd4bea2543, NULL, NULL, NULL, NULL, NULL
8, Juan, Juan Perez, a@a.com, 1, c9f0f895fb98ab9159f51fd0297e236d, NULL, NULL, NULL, NULL, NULL
9, Juan, Juan Perez, a@a.com, 1, 45c48cce2e2d7fbdea1afc51c7c6ad26, NULL, NULL, NULL, NULL, NULL
10, Juan, Juan Perez, a@a.com, 1, d3d9446802a44259755d38e6d163e820, NULL, NULL, NULL, NULL, NULL
11, Juan, Juan Perez, a@a.com, 1, 6512bd43d9caa6e02c990b0a82652dca, NULL, NULL, NULL, NULL, NULL
12, Juan, Juan Perez, a@a.com, 1, c20ad4d76fe97759aa27a0c99bff6710, NULL, NULL, NULL, NULL, NULL
13, Juan, Juan Perez, a@a.com, 1, c51ce410c124a10e0db5e4b97fc2af39, NULL, NULL, NULL, NULL, NULL
14, Juan, Juan Perez, a@a.com, 1, aab3238922bcc25a6f606eb525ffdc56, NULL, NULL, NULL, NULL, NULL
15, Juan, Juan Perez, a@a.com, 1, 9bf31c7ff062936a96d3c8bd1f8f2ff3, NULL, NULL, NULL, NULL, NULL
16, Juan, Juan Perez, a@a.com, 1, c74d97b01eae257e44aa9d5bade97baf, NULL, NULL, NULL, NULL, NULL
17, Juan, Juan Perez, a@a.com, 1, 70efdf2ec9b086079795c442636b55fb, NULL, NULL, NULL, NULL, NULL
18, Juan, Juan Perez, a@a.com, 1, 6f4922f45568161a8cdf4ad2299f6d23, NULL, NULL, NULL, NULL, NULL
19, Juan, Juan Perez, a@a.com, 1, 1f0e3dad99908345f7439f8ffabdffc4, NULL, NULL, NULL, NULL, NULL
20, Juan, Juan Perez, a@a.com, 1, 98f13708210194c475687be6106a3b84, NULL, NULL, NULL, NULL, NULL
21, Juan, Juan Perez, a@a.com, 1, 3c59dc048e8850243be8079a5c74d079, NULL, NULL, NULL, NULL, NULL
22, Juan, Juan Perez, a@a.com, 1, b6d767d2f8ed5d21a44b0e5886680cb9, NULL, NULL, NULL, NULL, NULL
23, Juan, Juan Perez, a@a.com, 1, 37693cfc748049e45d87b8c7d8b9aacd, NULL, NULL, NULL, NULL, NULL
24, Juan, Juan Perez, a@a.com, 1, 1ff1de774005f8da13f42943881c655f, NULL, NULL, NULL, NULL, NULL
25, Juan, Juan Perez, a@a.com, 1, 8e296a067a37563370ded05f5a3bf3ec, NULL, NULL, NULL, NULL, NULL
26, Juan, Juan Perez, a@a.com, 1, 4e732ced3463d06de0ca9a15b6153677, NULL, NULL, NULL, NULL, NULL
27, Juan, Juan Perez, a@a.com, 1, 02e74f10e0327ad868d138f2b4fdd6f0, NULL, NULL, NULL, NULL, NULL
28, Juan, Juan Perez, a@a.com, 1, 33e75ff09dd601bbe69f351039152189, NULL, NULL, NULL, NULL, NULL
29, Juan, Juan Perez, a@a.com, 1, 6ea9ab1baa0efb9e19094440c317e21b, NULL, NULL, NULL, NULL, NULL
30, Juan, Juan Perez, a@a.com, 1, 34173cb38f07f89ddbebc2ac9128303f, NULL, NULL, NULL, NULL, NULL
31, Juan, Juan Perez, a@a.com, 1, c16a5320fa475530d9583c34fd356ef5, NULL, NULL, NULL, NULL, NULL
32, Juan, Juan Perez, a@a.com, 1, 6364d3f0f495b6ab9dcf8d3b5c6e0b01, NULL, NULL, NULL, NULL, NULL
33, Juan, Juan Perez, a@a.com, 1, 182be0c5cdcd5072bb1864cdee4d3d6e, NULL, NULL, NULL, NULL, NULL
34, Juan, Juan Perez, a@a.com, 1, e369853df766fa44e1ed0ff613f563bd, NULL, NULL, NULL, NULL, NULL
35, Juan, Juan Perez, a@a.com, 1, 1c383cd30b7c298ab50293adfecb7b18, NULL, NULL, NULL, NULL, NULL
36, Juan, Juan Perez, a@a.com, 1, 19ca14e7ea6328a42e0eb13d585e4c22, NULL, NULL, NULL, NULL, NULL
37, Juan, Juan Perez, a@a.com, 1, a5bfc9e07964f8dddeb95fc584cd965d, NULL, NULL, NULL, NULL, NULL
38, Juan, Juan Perez, a@a.com, 1, a5771bce93e200c36f7cd9dfd0e5deaa, NULL, NULL, NULL, NULL, NULL
39, Juan, Juan Perez, a@a.com, 1, d67d8ab4f4c10bf22aa353e27879133c, NULL, NULL, NULL, NULL, NULL
40, Juan, Juan Perez, a@a.com, 1, d645920e395fedad7bbbed0eca3fe2e0, NULL, NULL, NULL, NULL, NULL
41, Juan, Juan Perez, a@a.com, 1, 3416a75f4cea9109507cacd8e2f2aefc, NULL, NULL, NULL, NULL, NULL
42, Juan, Juan Perez, a@a.com, 1, a1d0c6e83f027327d8461063f4ac58a6, NULL, NULL, NULL, NULL, NULL
43, Juan, Juan Perez, a@a.com, 1, 17e62166fc8586dfa4d1bc0e1742c08b, NULL, NULL, NULL, NULL, NULL
44, Juan, Juan Perez, a@a.com, 1, f7177163c833dff4b38fc8d2872f1ec6, NULL, NULL, NULL, NULL, NULL
45, Juan, Juan Perez, a@a.com, 1, 6c8349cc7260ae62e3b1396831a8398f, NULL, NULL, NULL, NULL, NULL
46, Juan, Juan Perez, a@a.com, 1, d9d4f495e875a2e075a1a4a6e1b9770f, NULL, NULL, NULL, NULL, NULL
47, Juan, Juan Perez, a@a.com, 1, 67c6a1e7ce56d3d6fa748ab6d9af3fd7, NULL, NULL, NULL, NULL, NULL
48, Juan, Juan Perez, a@a.com, 1, 642e92efb79421734881b53e1e1b18b6, NULL, NULL, NULL, NULL, NULL
49, Juan, Juan Perez, a@a.com, 1, f457c545a9ded88f18ecee47145a72c0, NULL, NULL, NULL, NULL, NULL
50, Juan, Juan Perez, a@a.com, 1, c0c7c76d30bd3dcaefc96f40275bdc0a, NULL, NULL, NULL, NULL, NULL
51, Juan, Juan Perez, a@a.com, 1, 2838023a778dfaecdc212708f721b788, NULL, NULL, NULL, NULL, NULL
52, Juan, Juan Perez, a@a.com, 1, 9a1158154dfa42caddbd0694a4e9bdc8, NULL, NULL, NULL, NULL, NULL
53, Juan, Juan Perez, a@a.com, 1, d82c8d1619ad8176d665453cfb2e55f0, NULL, NULL, NULL, NULL, NULL
54, Juan, Juan Perez, a@a.com, 1, a684eceee76fc522773286a895bc8436, NULL, NULL, NULL, NULL, NULL
55, Juan, Juan Perez, a@a.com, 1, b53b3a3d6ab90ce0268229151c9bde11, NULL, NULL, NULL, NULL, NULL
56, Juan, Juan Perez, a@a.com, 1, 9f61408e3afb633e50cdf1b20de6f466, NULL, NULL, NULL, NULL, NULL
57, Juan, Juan Perez, a@a.com, 1, 72b32a1f754ba1c09b3695e0cb6cde7f, NULL, NULL, NULL, NULL, NULL
58, Juan, Juan Perez, a@a.com, 1, 66f041e16a60928b05a7e228a89c3799, NULL, NULL, NULL, NULL, NULL
59, Juan, Juan Perez, a@a.com, 1, 093f65e080a295f8076b1c5722a46aa2, NULL, NULL, NULL, NULL, NULL
60, Juan, Juan Perez, a@a.com, 1, 072b030ba126b2f4b2374f342be9ed44, NULL, NULL, NULL, NULL, NULL
61, Juan, Juan Perez, a@a.com, 1, 7f39f8317fbdb1988ef4c628eba02591, NULL, NULL, NULL, NULL, NULL
62, Juan, Juan Perez, a@a.com, 1, 44f683a84163b3523afe57c2e008bc8c, NULL, NULL, NULL, NULL, NULL
63, Juan, Juan Perez, a@a.com, 1, 03afdbd66e7929b125f8597834fa83a4, NULL, NULL, NULL, NULL, NULL
64, Juan, Juan Perez, a@a.com, 1, ea5d2f1c4608232e07d3aa3d998e5135, NULL, NULL, NULL, NULL, NULL
65, Juan, Juan Perez, a@a.com, 1, fc490ca45c00b1249bbe3554a4fdf6fb, NULL, NULL, NULL, NULL, NULL
66, Juan, Juan Perez, a@a.com, 1, 3295c76acbf4caaed33c36b1b5fc2cb1, NULL, NULL, NULL, NULL, NULL
67, Juan, Juan Perez, a@a.com, 1, 735b90b4568125ed6c3f678819b6e058, NULL, NULL, NULL, NULL, NULL
68, Juan, Juan Perez, a@a.com, 1, a3f390d88e4c41f2747bfa2f1b5f87db, NULL, NULL, NULL, NULL, NULL
69, Juan, Juan Perez, a@a.com, 1, 14bfa6bb14875e45bba028a21ed38046, NULL, NULL, NULL, NULL, NULL
70, Juan, Juan Perez, a@a.com, 1, 7cbbc409ec990f19c78c75bd1e06f215, NULL, NULL, NULL, NULL, NULL
71, Juan, Juan Perez, a@a.com, 1, e2c420d928d4bf8ce0ff2ec19b371514, NULL, NULL, NULL, NULL, NULL
72, Juan, Juan Perez, a@a.com, 1, 32bb90e8976aab5298d5da10fe66f21d, NULL, NULL, NULL, NULL, NULL
73, Juan, Juan Perez, a@a.com, 1, d2ddea18f00665ce8623e36bd4e3c7c5, NULL, NULL, NULL, NULL, NULL
74, Juan, Juan Perez, a@a.com, 1, ad61ab143223efbc24c7d2583be69251, NULL, NULL, NULL, NULL, NULL
75, Juan, Juan Perez, a@a.com, 1, d09bf41544a3365a46c9077ebb5e35c3, NULL, NULL, NULL, NULL, NULL
76, Juan, Juan Perez, a@a.com, 1, fbd7939d674997cdb4692d34de8633c4, NULL, NULL, NULL, NULL, NULL
77, Juan, Juan Perez, a@a.com, 1, 28dd2c7955ce926456240b2ff0100bde, NULL, NULL, NULL, NULL, NULL
78, Juan, Juan Perez, a@a.com, 1, 35f4a8d465e6e1edc05f3d8ab658c551, NULL, NULL, NULL, NULL, NULL
79, Juan, Juan Perez, a@a.com, 1, d1fe173d08e959397adf34b1d77e88d7, NULL, NULL, NULL, NULL, NULL
80, Juan, Juan Perez, a@a.com, 1, f033ab37c30201f73f142449d037028d, NULL, NULL, NULL, NULL, NULL
81, Juan, Juan Perez, a@a.com, 1, 43ec517d68b6edd3015b3edc9a11367b, NULL, NULL, NULL, NULL, NULL
82, Juan, Juan Perez, a@a.com, 1, 9778d5d219c5080b9a6a17bef029331c, NULL, NULL, NULL, NULL, NULL
83, Juan, Juan Perez, a@a.com, 1, fe9fc289c3ff0af142b6d3bead98a923, NULL, NULL, NULL, NULL, NULL
84, Juan, Juan Perez, a@a.com, 1, 68d30a9594728bc39aa24be94b319d21, NULL, NULL, NULL, NULL, NULL
85, Juan, Juan Perez, a@a.com, 1, 3ef815416f775098fe977004015c6193, NULL, NULL, NULL, NULL, NULL
86, Juan, Juan Perez, a@a.com, 1, 93db85ed909c13838ff95ccfa94cebd9, NULL, NULL, NULL, NULL, NULL
87, Juan, Juan Perez, a@a.com, 1, c7e1249ffc03eb9ded908c236bd1996d, NULL, NULL, NULL, NULL, NULL
88, Juan, Juan Perez, a@a.com, 1, 2a38a4a9316c49e5a833517c45d31070, NULL, NULL, NULL, NULL, NULL
89, Juan, Juan Perez, a@a.com, 1, 7647966b7343c29048673252e490f736, NULL, NULL, NULL, NULL, NULL
90, Juan, Juan Perez, a@a.com, 1, 8613985ec49eb8f757ae6439e879bb2a, NULL, NULL, NULL, NULL, NULL
91, Juan, Juan Perez, a@a.com, 1, 54229abfcfa5649e7003b83dd4755294, NULL, NULL, NULL, NULL, NULL
92, Juan, Juan Perez, a@a.com, 1, 92cc227532d17e56e07902b254dfad10, NULL, NULL, NULL, NULL, NULL
93, Juan, Juan Perez, a@a.com, 1, 98dce83da57b0395e163467c9dae521b, NULL, NULL, NULL, NULL, NULL
94, Juan, Juan Perez, a@a.com, 1, f4b9ec30ad9f68f89b29639786cb62ef, NULL, NULL, NULL, NULL, NULL
95, Juan, Juan Perez, a@a.com, 1, 812b4ba287f5ee0bc9d43bbf5bbe87fb, NULL, NULL, NULL, NULL, NULL
96, Juan, Juan Perez, a@a.com, 1, 26657d5ff9020d2abefe558796b99584, NULL, NULL, NULL, NULL, NULL
97, Juan, Juan Perez, a@a.com, 1, e2ef524fbf3d9fe611d5a8e90fefdc9c, NULL, NULL, NULL, NULL, NULL
98, Juan, Juan Perez, a@a.com, 1, ed3d2c21991e3bef5e069713af9fa6ca, NULL, NULL, NULL, NULL, NULL
99, Juan, Juan Perez, a@a.com, 1, ac627ab1ccbdb62ec96e702f07f6425b, NULL, NULL, NULL, NULL, NULL
100, Juan, Juan Perez, a@a.com, 1, f899139df5e1059396431415e770c6dd, NULL, NULL, NULL, NULL, NULL
101, Juan, Juan Perez, a@a.com, 1, 38b3eff8baf56627478ec76a704e9b52, NULL, NULL, NULL, NULL, NULL
102, Juan, Juan Perez, a@a.com, 1, ec8956637a99787bd197eacd77acce5e, NULL, NULL, NULL, NULL, NULL
103, Juan, Juan Perez, a@a.com, 1, 6974ce5ac660610b44d9b9fed0ff9548, NULL, NULL, NULL, NULL, NULL
104, Juan, Juan Perez, a@a.com, 1, c9e1074f5b3f9fc8ea15d152add07294, NULL, NULL, NULL, NULL, NULL
105, Juan, Juan Perez, a@a.com, 1, 65b9eea6e1cc6bb9f0cd2a47751a186f, NULL, NULL, NULL, NULL, NULL
106, Juan, Juan Perez, a@a.com, 1, f0935e4cd5920aa6c7c996a5ee53a70f, NULL, NULL, NULL, NULL, NULL
107, Juan, Juan Perez, a@a.com, 1, a97da629b098b75c294dffdc3e463904, NULL, NULL, NULL, NULL, NULL
108, Juan, Juan Perez, a@a.com, 1, a3c65c2974270fd093ee8a9bf8ae7d0b, NULL, NULL, NULL, NULL, NULL
109, Juan, Juan Perez, a@a.com, 1, 2723d092b63885e0d7c260cc007e8b9d, NULL, NULL, NULL, NULL, NULL
110, Juan, Juan Perez, a@a.com, 1, 5f93f983524def3dca464469d2cf9f3e, NULL, NULL, NULL, NULL, NULL
111, Juan, Juan Perez, a@a.com, 1, 698d51a19d8a121ce581499d7b701668, NULL, NULL, NULL, NULL, NULL
112, Juan, Juan Perez, a@a.com, 1, 7f6ffaa6bb0b408017b62254211691b5, NULL, NULL, NULL, NULL, NULL
113, Juan, Juan Perez, a@a.com, 1, 73278a4a86960eeb576a8fd4c9ec6997, NULL, NULL, NULL, NULL, NULL
114, Juan, Juan Perez, a@a.com, 1, 5fd0b37cd7dbbb00f97ba6ce92bf5add, NULL, NULL, NULL, NULL, NULL
115, Juan, Juan Perez, a@a.com, 1, 2b44928ae11fb9384c4cf38708677c48, NULL, NULL, NULL, NULL, NULL
116, Juan, Juan Perez, a@a.com, 1, c45147dee729311ef5b5c3003946c48f, NULL, NULL, NULL, NULL, NULL
117, Juan, Juan Perez, a@a.com, 1, eb160de1de89d9058fcb0b968dbbbd68, NULL, NULL, NULL, NULL, NULL
118, Juan, Juan Perez, a@a.com, 1, 5ef059938ba799aaa845e1c2e8a762bd, NULL, NULL, NULL, NULL, NULL
119, Juan, Juan Perez, a@a.com, 1, 07e1cd7dca89a1678042477183b7ac3f, NULL, NULL, NULL, NULL, NULL
120, Juan, Juan Perez, a@a.com, 1, da4fb5c6e93e74d3df8527599fa62642, NULL, NULL, NULL, NULL, NULL
121, Juan, Juan Perez, a@a.com, 1, 4c56ff4ce4aaf9573aa5dff913df997a, NULL, NULL, NULL, NULL, NULL
122, Juan, Juan Perez, a@a.com, 1, a0a080f42e6f13b3a2df133f073095dd, NULL, NULL, NULL, NULL, NULL
123, Juan, Juan Perez, a@a.com, 1, 202cb962ac59075b964b07152d234b70, NULL, NULL, NULL, NULL, NULL
124, Juan, Juan Perez, a@a.com, 1, c8ffe9a587b126f152ed3d89a146b445, NULL, NULL, NULL, NULL, NULL
125, Juan, Juan Perez, a@a.com, 1, 3def184ad8f4755ff269862ea77393dd, NULL, NULL, NULL, NULL, NULL
126, Juan, Juan Perez, a@a.com, 1, 069059b7ef840f0c74a814ec9237b6ec, NULL, NULL, NULL, NULL, NULL
127, Juan, Juan Perez, a@a.com, 1, ec5decca5ed3d6b8079e2e7e7bacc9f2, NULL, NULL, NULL, NULL, NULL
128, Juan, Juan Perez, a@a.com, 1, 76dc611d6ebaafc66cc0879c71b5db5c, NULL, NULL, NULL, NULL, NULL
129, Juan, Juan Perez, a@a.com, 1, d1f491a404d6854880943e5c3cd9ca25, NULL, NULL, NULL, NULL, NULL
130, Juan, Juan Perez, a@a.com, 1, 9b8619251a19057cff70779273e95aa6, NULL, NULL, NULL, NULL, NULL
131, Juan, Juan Perez, a@a.com, 1, 1afa34a7f984eeabdbb0a7d494132ee5, NULL, NULL, NULL, NULL, NULL
132, Juan, Juan Perez, a@a.com, 1, 65ded5353c5ee48d0b7d48c591b8f430, NULL, NULL, NULL, NULL, NULL
133, Juan, Juan Perez, a@a.com, 1, 9fc3d7152ba9336a670e36d0ed79bc43, NULL, NULL, NULL, NULL, NULL
134, Juan, Juan Perez, a@a.com, 1, 02522a2b2726fb0a03bb19f2d8d9524d, NULL, NULL, NULL, NULL, NULL
135, Juan, Juan Perez, a@a.com, 1, 7f1de29e6da19d22b51c68001e7e0e54, NULL, NULL, NULL, NULL, NULL
136, Juan, Juan Perez, a@a.com, 1, 42a0e188f5033bc65bf8d78622277c4e, NULL, NULL, NULL, NULL, NULL
137, Juan, Juan Perez, a@a.com, 1, 3988c7f88ebcb58c6ce932b957b6f332, NULL, NULL, NULL, NULL, NULL
138, Juan, Juan Perez, a@a.com, 1, 013d407166ec4fa56eb1e1f8cbe183b9, NULL, NULL, NULL, NULL, NULL
139, Juan, Juan Perez, a@a.com, 1, e00da03b685a0dd18fb6a08af0923de0, NULL, NULL, NULL, NULL, NULL
140, Juan, Juan Perez, a@a.com, 1, 1385974ed5904a438616ff7bdb3f7439, NULL, NULL, NULL, NULL, NULL
141, Juan, Juan Perez, a@a.com, 1, 0f28b5d49b3020afeecd95b4009adf4c, NULL, NULL, NULL, NULL, NULL
142, Juan, Juan Perez, a@a.com, 1, a8baa56554f96369ab93e4f3bb068c22, NULL, NULL, NULL, NULL, NULL
143, Juan, Juan Perez, a@a.com, 1, 903ce9225fca3e988c2af215d4e544d3, NULL, NULL, NULL, NULL, NULL
144, Juan, Juan Perez, a@a.com, 1, 0a09c8844ba8f0936c20bd791130d6b6, NULL, NULL, NULL, NULL, NULL
145, Juan, Juan Perez, a@a.com, 1, 2b24d495052a8ce66358eb576b8912c8, NULL, NULL, NULL, NULL, NULL
146, Juan, Juan Perez, a@a.com, 1, a5e00132373a7031000fd987a3c9f87b, NULL, NULL, NULL, NULL, NULL
147, Juan, Juan Perez, a@a.com, 1, 8d5e957f297893487bd98fa830fa6413, NULL, NULL, NULL, NULL, NULL
148, Juan, Juan Perez, a@a.com, 1, 47d1e990583c9c67424d369f3414728e, NULL, NULL, NULL, NULL, NULL
149, Juan, Juan Perez, a@a.com, 1, f2217062e9a397a1dca429e7d70bc6ca, NULL, NULL, NULL, NULL, NULL
150, Juan, Juan Perez, a@a.com, 1, 7ef605fc8dba5425d6965fbd4c8fbe1f, NULL, NULL, NULL, NULL, NULL
151, Juan, Juan Perez, a@a.com, 1, a8f15eda80c50adb0e71943adc8015cf, NULL, NULL, NULL, NULL, NULL
152, Juan, Juan Perez, a@a.com, 1, 37a749d808e46495a8da1e5352d03cae, NULL, NULL, NULL, NULL, NULL
153, Juan, Juan Perez, a@a.com, 1, b3e3e393c77e35a4a3f3cbd1e429b5dc, NULL, NULL, NULL, NULL, NULL
154, Juan, Juan Perez, a@a.com, 1, 1d7f7abc18fcb43975065399b0d1e48e, NULL, NULL, NULL, NULL, NULL
155, Juan, Juan Perez, a@a.com, 1, 2a79ea27c279e471f4d180b08d62b00a, NULL, NULL, NULL, NULL, NULL
156, Juan, Juan Perez, a@a.com, 1, 1c9ac0159c94d8d0cbedc973445af2da, NULL, NULL, NULL, NULL, NULL
157, Juan, Juan Perez, a@a.com, 1, 6c4b761a28b734fe93831e3fb400ce87, NULL, NULL, NULL, NULL, NULL
158, Juan, Juan Perez, a@a.com, 1, 06409663226af2f3114485aa4e0a23b4, NULL, NULL, NULL, NULL, NULL
159, Juan, Juan Perez, a@a.com, 1, 140f6969d5213fd0ece03148e62e461e, NULL, NULL, NULL, NULL, NULL
160, Juan, Juan Perez, a@a.com, 1, b73ce398c39f506af761d2277d853a92, NULL, NULL, NULL, NULL, NULL
161, Juan, Juan Perez, a@a.com, 1, bd4c9ab730f5513206b999ec0d90d1fb, NULL, NULL, NULL, NULL, NULL
162, Juan, Juan Perez, a@a.com, 1, 82aa4b0af34c2313a562076992e50aa3, NULL, NULL, NULL, NULL, NULL
163, Juan, Juan Perez, a@a.com, 1, 0777d5c17d4066b82ab86dff8a46af6f, NULL, NULL, NULL, NULL, NULL
164, Juan, Juan Perez, a@a.com, 1, fa7cdfad1a5aaf8370ebeda47a1ff1c3, NULL, NULL, NULL, NULL, NULL
165, Juan, Juan Perez, a@a.com, 1, 9766527f2b5d3e95d4a733fcfb77bd7e, NULL, NULL, NULL, NULL, NULL
166, Juan, Juan Perez, a@a.com, 1, 7e7757b1e12abcb736ab9a754ffb617a, NULL, NULL, NULL, NULL, NULL
167, Juan, Juan Perez, a@a.com, 1, 5878a7ab84fb43402106c575658472fa, NULL, NULL, NULL, NULL, NULL
168, Juan, Juan Perez, a@a.com, 1, 006f52e9102a8d3be2fe5614f42ba989, NULL, NULL, NULL, NULL, NULL
169, Juan, Juan Perez, a@a.com, 1, 3636638817772e42b59d74cff571fbb3, NULL, NULL, NULL, NULL, NULL
170, Juan, Juan Perez, a@a.com, 1, 149e9677a5989fd342ae44213df68868, NULL, NULL, NULL, NULL, NULL
171, Juan, Juan Perez, a@a.com, 1, a4a042cf4fd6bfb47701cbc8a1653ada, NULL, NULL, NULL, NULL, NULL
172, Juan, Juan Perez, a@a.com, 1, 1ff8a7b5dc7a7d1f0ed65aaa29c04b1e, NULL, NULL, NULL, NULL, NULL
173, Juan, Juan Perez, a@a.com, 1, f7e6c85504ce6e82442c770f7c8606f0, NULL, NULL, NULL, NULL, NULL
174, Juan, Juan Perez, a@a.com, 1, bf8229696f7a3bb4700cfddef19fa23f, NULL, NULL, NULL, NULL, NULL
175, Juan, Juan Perez, a@a.com, 1, 82161242827b703e6acf9c726942a1e4, NULL, NULL, NULL, NULL, NULL
176, Juan, Juan Perez, a@a.com, 1, 38af86134b65d0f10fe33d30dd76442e, NULL, NULL, NULL, NULL, NULL
177, Juan, Juan Perez, a@a.com, 1, 96da2f590cd7246bbde0051047b0d6f7, NULL, NULL, NULL, NULL, NULL
178, Juan, Juan Perez, a@a.com, 1, 8f85517967795eeef66c225f7883bdcb, NULL, NULL, NULL, NULL, NULL
179, Juan, Juan Perez, a@a.com, 1, 8f53295a73878494e9bc8dd6c3c7104f, NULL, NULL, NULL, NULL, NULL
180, Juan, Juan Perez, a@a.com, 1, 045117b0e0a11a242b9765e79cbf113f, NULL, NULL, NULL, NULL, NULL
181, Juan, Juan Perez, a@a.com, 1, fc221309746013ac554571fbd180e1c8, NULL, NULL, NULL, NULL, NULL
182, Juan, Juan Perez, a@a.com, 1, 4c5bde74a8f110656874902f07378009, NULL, NULL, NULL, NULL, NULL
183, Juan, Juan Perez, a@a.com, 1, cedebb6e872f539bef8c3f919874e9d7, NULL, NULL, NULL, NULL, NULL
184, Juan, Juan Perez, a@a.com, 1, 6cdd60ea0045eb7a6ec44c54d29ed402, NULL, NULL, NULL, NULL, NULL
185, Juan, Juan Perez, a@a.com, 1, eecca5b6365d9607ee5a9d336962c534, NULL, NULL, NULL, NULL, NULL
186, Juan, Juan Perez, a@a.com, 1, 9872ed9fc22fc182d371c3e9ed316094, NULL, NULL, NULL, NULL, NULL
187, Juan, Juan Perez, a@a.com, 1, 31fefc0e570cb3860f2a6d4b38c6490d, NULL, NULL, NULL, NULL, NULL
188, Juan, Juan Perez, a@a.com, 1, 9dcb88e0137649590b755372b040afad, NULL, NULL, NULL, NULL, NULL
189, Juan, Juan Perez, a@a.com, 1, a2557a7b2e94197ff767970b67041697, NULL, NULL, NULL, NULL, NULL
190, Juan, Juan Perez, a@a.com, 1, cfecdb276f634854f3ef915e2e980c31, NULL, NULL, NULL, NULL, NULL
191, Juan, Juan Perez, a@a.com, 1, 0aa1883c6411f7873cb83dacb17b0afc, NULL, NULL, NULL, NULL, NULL
192, Juan, Juan Perez, a@a.com, 1, 58a2fc6ed39fd083f55d4182bf88826d, NULL, NULL, NULL, NULL, NULL
193, Juan, Juan Perez, a@a.com, 1, bd686fd640be98efaae0091fa301e613, NULL, NULL, NULL, NULL, NULL
194, Juan, Juan Perez, a@a.com, 1, a597e50502f5ff68e3e25b9114205d4a, NULL, NULL, NULL, NULL, NULL
195, Juan, Juan Perez, a@a.com, 1, 0336dcbab05b9d5ad24f4333c7658a0e, NULL, NULL, NULL, NULL, NULL
196, Juan, Juan Perez, a@a.com, 1, 084b6fbb10729ed4da8c3d3f5a3ae7c9, NULL, NULL, NULL, NULL, NULL
197, Juan, Juan Perez, a@a.com, 1, 85d8ce590ad8981ca2c8286f79f59954, NULL, NULL, NULL, NULL, NULL
198, Juan, Juan Perez, a@a.com, 1, 0e65972dce68dad4d52d063967f0a705, NULL, NULL, NULL, NULL, NULL
199, Juan, Juan Perez, a@a.com, 1, 84d9ee44e457ddef7f2c4f25dc8fa865, NULL, NULL, NULL, NULL, NULL
200, Juan, Juan Perez, a@a.com, 1, 3644a684f98ea8fe223c713b77189a77, NULL, NULL, NULL, NULL, NULL